<?xml version="1.0" encoding="UTF-8"?>
<extension type="package" version="4.0" method="upgrade">
	<name>pkg_ldap_sso_core</name>
	<packagename>ldap_sso_core</packagename>
	<version>5.0</version>
	<authorEmail>jbrailas@rns-systems.eu</authorEmail>
	<authorUrl>www.rns-systems.eu</authorUrl>
	<author>Shaun Maunder</author>
	<edited_by>Giannis Brailas</edited_by>
	<packagerurl>https://github.com/jbrailas/JMapMyLDAP_v5/tree/main/installation_files</packagerurl>
	<buildDate>Fri Apr 5 11:47:50 2024</buildDate>
	<description>PKG_LDAP_SSO_CORE_DESCRIPTION</description>
	<files>
		<!-- <file type="component" id="com_shsso">com_shsso.zip</file> -->
		<file type="component" id="com_shldap">com_shldap.zip</file>
		<!-- <file type="file" id="cli_shmanic_ldap">cli_shmanic_ldap.zip</file> -->
		<file type="plugin" id="shadapter" group="authentication">plg_authentication_shadapter.zip</file>
		<file type="plugin" id="ldap" group="shlog">plg_shlog_ldap.zip</file>
		<file type="plugin" id="sso" group="shlog">plg_shlog_sso.zip</file>
	</files>
	<languages>
		<language tag="en-GB">language/en-GB/en-GB.pkg_ldap_sso_core.ini</language>
		<language tag="en-GB">language/en-GB/en-GB.pkg_ldap_sso_core.sys.ini</language>
	</languages>
</extension>
