<?xml version="1.0" encoding="UTF-8"?>
<extension type="package" version="4.0" method="upgrade">
	<name>shplatform_v5</name>
	<packagename>shplatform_v5</packagename>
	<version>5.0</version>
	<authorEmail>jbrailas@rns-systems.eu</authorEmail>
	<authorUrl>www.rns-systems.eu</authorUrl>
	<author>Shaun Maunder</author>
	<edited_by>Giannis Brailas</edited_by>
	<packagerurl>https://github.com/jbrailas/JMapMyLDAP_v5/tree/main/installation_files</packagerurl>
	<buildDate>Fri Apr 5 11:47:50 2024</buildDate>
	<description>SHPLATFORM_V5_DESCRIPTION</description>
	<files>
		<file type="component" id="com_shconfig">com_shconfig.zip</file>
		<file type="library" id="lib_shmanic">lib_shmanic.zip</file>
		<file type="plugin" id="shplatform" group="system">plg_system_shplatform.zip</file>
	</files>
	<languages>
		<language tag="en-GB">language/en-GB/en-GB.pkg_shplatform.ini</language>
		<language tag="en-GB">language/en-GB/en-GB.pkg_shplatform.sys.ini</language>
	</languages>
</extension>
